{
    "typeName": "Booking::Cloud::ScanHook",
    "description": "Example resource SSE (Server Side Encryption) verification hook",
    "sourceUrl": "https://github.com/aws-cloudformation/example-sse-hook",
    "documentationUrl": "https://github.com/aws-cloudformation/example-sse-hook/blob/master/README.md",
    "typeConfiguration": {
        "properties": {
            "EncryptionAlgorithm": {
                "description": "Encryption algorithm for SSE",
                "default": "AES256",
                "type": "string"
            }
        },
        "additionalProperties": false
    },
    "required": [],
    "handlers": {
        "preCreate": {
            "targetNames": [
                "AWS::S3::Bucket"
            ],
            "permissions": []
        },
        "preUpdate": {
            "targetNames": [
                "AWS::S3::Bucket"
            ],
            "permissions": []
        }
    },
    "additionalProperties": false
}
